<?xml version="1.0" encoding="UTF-8" standalone="yes"?>
<addon id="repository.afkbox" name="AFK-Box repo" version="1.0.1" provider-name="allefilmskijken">
	<extension point="xbmc.addon.repository" name="Alle Films Kijken Repository">
	<dir>	<info compressed="false">http://backups.allefilmskijken.com/addons/addons.xml</info>
		    <checksum>http://backups.allefilmskijken.com/addons/addons.xml.md5</checksum>
		    <datadir zip="true">http://backups.allefilmskijken.com/addons/repo/</datadir>
	</dir>
    <dir>
            <info compressed="false">https://raw.githubusercontent.com/allefilmskijken/afk/master/addons.xml</info>
            <checksum>https://raw.githubusercontent.com/allefilmskijken/afk/master/addons.xml.md5</checksum>
            <datadir zip="true">https://raw.githubusercontent.com/allefilmskijken/afk/master/zips/</datadir>
    </dir>
	</extension>
	<extension point="xbmc.addon.metadata">
		<summary>Official AFK-Box Addons</summary>
		<description lang="en">Download and install addons from AlleFilmsKijken</description>
		<platform>all</platform>
	</extension>
</addon>