<?xml version="1.0" encoding="UTF-8" standalone="yes"?>
<addon id="repository.afkbox" name="AFK-Box repo" version="1.0.0" provider-name="allefilmskijken">
	<extension point="xbmc.addon.repository" name="Alle Films Kijken Repository">
		<info compressed="false">http://backups.allefilmskijken.com/addons/addons.xml</info>
		<checksum>http://backups.allefilmskijken.com/addons/addons.xml.md5</checksum>
		<datadir zip="true">http://backups.allefilmskijken.com/addons/repo/</datadir>
	</extension>
	<extension point="xbmc.addon.metadata">
		<summary>Official AFK-Box Addons</summary>
		<description lang="en">Download and install addons from AlleFilmsKijken</description>
		<platform>all</platform>
	</extension>
</addon>